"exit_id","program_id","exit_year","award_title"
1,127,1,"Exit with UG Certificate in Banking, Financial Services and Insurance"
2,127,2,"Exit with UG Diploma in Banking, Financial Services and Insurance"
3,127,3,"Exit with Certificate in BBA Banking, Financial Services and Insurance"
4,127,4,"Bachelor of Science in Banking, Financial Services and Insurance"
5,128,1,"Exit with UG Certificate in Banking, Financial Services and Insurance"
6,128,2,"Exit with UG Diploma in Banking, Financial Services and Insurance"
7,128,3,"Exit with Certificate in BBA Banking, Financial Services and Insurance"
8,128,4,"Bachelor of Science in Banking, Financial Services and Insurance"
9,129,1,"Exit with UG Certificate in Banking, Financial Services and Insurance"
10,129,2,"Exit with UG Diploma in Banking, Financial Services and Insurance"
11,129,3,"Exit with Certificate in BBA Banking, Financial Services and Insurance"
12,129,4,"Bachelor of Science in Banking, Financial Services and Insurance"
13,130,1,"Exit with UG Certificate in Banking, Financial Services and Insurance"
14,130,2,"Exit with UG Diploma in Banking, Financial Services and Insurance"
15,130,3,"Exit with Certificate in BBA Banking, Financial Services and Insurance"
16,130,4,"Bachelor of Science in Banking, Financial Services and Insurance"
17,123,1,"Exit with UG Certificate in Beauty Therapy"
18,123,2,"Exit with UG Diploma in Beauty Therapy"
19,123,3,"Exit with certificate in B.Voc. Beauty Therapy"
20,123,4,"Bachelor of Science in Beauty Therapy"
21,124,1,"Exit with UG Certificate in Beauty Therapy"
22,124,2,"Exit with UG Diploma in Beauty Therapy"
23,124,3,"Exit with certificate in B.Voc. Beauty Therapy"
24,124,4,"Bachelor of Science in Beauty Therapy"
25,125,1,"Exit with UG Certificate in Beauty Therapy"
26,125,2,"Exit with UG Diploma in Beauty Therapy"
27,125,3,"Exit with certificate in B.Voc. Beauty Therapy"
28,125,4,"Bachelor of Science in Beauty Therapy"
29,126,1,"Exit with UG Certificate in Beauty Therapy"
30,126,2,"Exit with UG Diploma in Beauty Therapy"
31,126,3,"Exit with certificate in B.Voc. Beauty Therapy"
32,126,4,"Bachelor of Science in Beauty Therapy"
33,131,1,"Exit with UG Certificate in Business Process Management"
34,131,2,"Exit with UG Diploma in Business Process Management"
35,131,3,"Exit with certificate in BBA Business Process Management"
36,131,4,"Bachelor of Science in Business Process Management"
37,132,1,"Exit with UG Certificate in Computer Applications"
38,132,2,"Exit with UG Diploma in Computer Applications"
39,132,3,"Exit with certificate in Bachelor in Computer Applications (BCA)"
40,132,4,"Bachelor of Science in Computer Applications"
41,133,1,"Exit with UG Certificate in Computer Applications"
42,133,2,"Exit with UG Diploma in Computer Applications"
43,133,3,"Exit with certificate in Bachelor in Computer Applications (BCA)"
44,133,4,"Bachelor of Science in Computer Applications"
45,134,1,"Exit with UG Certificate in Computer Applications"
46,134,2,"Exit with UG Diploma in Computer Applications"
47,134,3,"Exit with certificate in Bachelor in Computer Applications (BCA)"
48,134,4,"Bachelor of Science in Computer Applications"
49,135,1,"Exit with UG Certificate in Computer Applications"
50,135,2,"Exit with UG Diploma in Computer Applications"
51,135,3,"Exit with certificate in Bachelor in Computer Applications (BCA)"
52,135,4,"Bachelor of Science in Computer Applications"
53,137,1,"Exit with UG Certificate in Digital Marketing and Data Analytics"
54,137,2,"Exit with UG Diploma in Digital Marketing and Data Analytics"
55,137,3,"Exit with certificate in BBA Digital Marketing and Data Analytics"
56,137,4,"Bachelor of Science in Digital Marketing and Data Analytics"
57,136,1,"Exit with UG Certificate in Digital Media Design"
58,136,2,"Exit with UG Diploma in Digital Media Design"
59,136,3,"Exit with certificate in B.Voc Digital Media Design"
60,136,4,"Bachelor of Science in Digital Media Design"
61,138,1,"Exit with UG Certificate in E-Commerce Operation and Digital Application"
62,138,2,"Exit with UG Diploma in E-Commerce Operation and Digital Application"
63,138,3,"Exit with certificate in BBA E-Commerce Operation and Digital Application"
64,138,4,"Bachelor of Science in E-Commerce Operation and Digital Application"
65,143,1,"Exit with Certificate in Entrepreneurship"
66,143,2,"Exit with Diploma in Entrepreneurship"
67,143,3,"Exit with B.B.A. in Entrepreneurship"
68,143,4,"Exit with B.S. in Entrepreneurship"
69,148,1,"Exit with Certificate in Entrepreneurship"
70,148,2,"Exit with Diploma in Entrepreneurship"
71,148,3,"Exit with B.B.A. in Entrepreneurship"
72,148,4,"Exit with B.S. in Entrepreneurship"
73,139,1,"Exit with UG Certificate in Environmental Science"
74,139,2,"Exit with UG Diploma in Environmental Science"
75,139,3,"Exit with certificate in B.Sc Environmental Science"
76,139,4,"Bachelor of Science in Environmental Science"
77,140,1,"Exit with UG Certificate in Environmental Science"
78,140,2,"Exit with UG Diploma in Environmental Science"
79,140,3,"Exit with certificate in B.Sc Environmental Science"
80,140,4,"Bachelor of Science in Environmental Science"
81,141,1,"Exit with UG Certificate in Environmental Science"
82,141,2,"Exit with UG Diploma in Environmental Science"
83,141,3,"Exit with certificate in B.Sc Environmental Science"
84,141,4,"Bachelor of Science in Environmental Science"
85,142,1,"Exit with UG Certificate in Environmental Science"
86,142,2,"Exit with UG Diploma in Environmental Science"
87,142,3,"Exit with certificate in B.Sc Environmental Science"
88,142,4,"Bachelor of Science in Environmental Science"
89,144,1,"Exit with UG Certificate in Environmental Science"
90,144,2,"Exit with UG Diploma in Environmental Science"
91,144,3,"Exit with certificate in B.Sc Environmental Science"
92,144,4,"Bachelor of Science in Environmental Science"
93,145,1,"Exit with UG Certificate in Environmental Science"
94,145,2,"Exit with UG Diploma in Environmental Science"
95,145,3,"Exit with certificate in B.Sc Environmental Science"
96,145,4,"Bachelor of Science in Environmental Science"
97,146,1,"Exit with UG Certificate in Environmental Science"
98,146,2,"Exit with UG Diploma in Environmental Science"
99,146,3,"Exit with certificate in B.Sc Environmental Science"
100,146,4,"Bachelor of Science in Environmental Science"
101,147,1,"Exit with UG Certificate in Environmental Science"
102,147,2,"Exit with UG Diploma in Environmental Science"
103,147,3,"Exit with certificate in B.Sc Environmental Science"
104,147,4,"Bachelor of Science in Environmental Science"
105,149,1,"Exit with UG Certificate in Fashion Design"
106,149,2,"Exit with UG Diploma in Fashion Design"
107,149,3,"Exit with certificate in B.Voc. Fashion Design"
108,149,4,"Bachelor of Science in Fashion Design"
109,150,1,"Exit with UG Certificate in Fashion Design"
110,150,2,"Exit with UG Diploma in Fashion Design"
111,150,3,"Exit with certificate in B.Voc. Fashion Design"
112,150,4,"Bachelor of Science in Fashion Design"
113,155,1,"Exit with UG Certificate in Interior Design"
114,155,2,"Exit with UG Diploma in Interior Design"
115,155,3,"Exit with certificate in B.Voc. Interior Design"
116,155,4,"UG-Degree B.S Interior Design"
117,164,1,"Exit with UG Certificate in Interior Design"
118,164,2,"Exit with UG Diploma in Interior Design"
119,164,3,"Exit with certificate in B.Voc. Interior Design"
120,164,4,"UG-Degree B.S Interior Design"
121,161,1,"Exit with UG Certificate in Medical Laboratory Sciences"
122,161,2,"Exit with UG Diploma in Medical Laboratory Sciences"
123,161,3,"Exit with certificate in B.Sc Medical Laboratory Sciences"
124,161,4,"Bachelor of Science in Medical Laboratory Sciences"
125,162,1,"Exit with UG Certificate in Medical Laboratory Sciences"
126,162,2,"Exit with UG Diploma in Medical Laboratory Sciences"
127,162,3,"Exit with certificate in B.Sc Medical Laboratory Sciences"
128,162,4,"Bachelor of Science in Medical Laboratory Sciences"
129,163,1,"Exit with UG Certificate in Medical Laboratory Sciences"
130,163,2,"Exit with UG Diploma in Medical Laboratory Sciences"
131,163,3,"Exit with certificate in B.Sc Medical Laboratory Sciences"
132,163,4,"Bachelor of Science in Medical Laboratory Sciences"
133,160,1,"Exit with UG Certificate in Retail Management"
134,160,2,"Exit with UG Diploma in Retail Management"
135,160,3,"Exit with certificate in BBA Retail Management"
136,160,4,"Bachelor of Science in Retail Management"
137,159,1,"Exit with UG Certificate in Supply Chain Management"
138,159,2,"Exit with UG Diploma in Supply Chain Management"
139,159,3,"Exit with certificate in BBA Supply Chain Management"
140,159,4,"Bachelor of Science in Supply Chain Management"
