"program_id","program_name","program_type","duration_years","eligibility","admission_basis","fee_category","exit_option","seats","campus_name","gender_restriction","complete_program_name"
1,"Diploma in Architecture","Diploma Program",3,"after 10th","General Admission","D",False,NULL,"Aryabhatt DSEU Campus",NULL,"Diploma in Architecture at Aryabhatt DSEU Campus"
2,"Diploma in Architecture","Diploma Program",3,"after 10th","General Admission","D",False,NULL,"Meerabai DSEU Campus (FOR GIRLS ONLY)",NULL,"Diploma in Architecture at Meerabai DSEU Campus (FOR GIRLS ONLY)"
3,"Diploma in Automobile Engineering","Diploma Program",3,"after 10th","General Admission","E",False,NULL,"DSEU Pusa 1 Campus",NULL,"Diploma in Automobile Engineering at DSEU Pusa 1 Campus"
4,"Diploma in Automobile Engineering","Diploma Program",3,"after 10th","General Admission","E",False,NULL,"G.B. Pant DSEU Campus",NULL,"Diploma in Automobile Engineering at G.B. Pant DSEU Campus"
5,"Diploma in Chemical Engineering","Diploma Program",3,"after 10th","General Admission","E",False,NULL,"Guru Nanak Dev DSEU Campus",NULL,"Diploma in Chemical Engineering at Guru Nanak Dev DSEU Campus"
6,"Diploma in Civil Engineering in Green Infrastructure","Diploma Program",3,"after 10th","General Admission","E",False,NULL,"Ambedkar DSEU Campus",NULL,"Diploma in Civil Engineering in Green Infrastructure at Ambedkar DSEU Campus"
7,"Diploma in Civil Engineering","Diploma Program",3,"after 10th","General Admission","E",False,NULL,"Aryabhatt DSEU Campus",NULL,"Diploma in Civil Engineering at Aryabhatt DSEU Campus"
8,"Diploma in Civil Engineering","Diploma Program",3,"after 10th","General Admission","E",False,NULL,"DSEU Pusa 1 Campus",NULL,"Diploma in Civil Engineering at DSEU Pusa 1 Campus"
9,"Diploma in Civil Engineering","Diploma Program",3,"after 10th","General Admission","E",False,NULL,"G.B. Pant DSEU Campus",NULL,"Diploma in Civil Engineering at G.B. Pant DSEU Campus"
10,"Diploma in Civil Engineering","Diploma Program",3,"after 10th","General Admission","E",False,NULL,"Kasturba DSEU Campus (FOR GIRLS ONLY)",NULL,"Diploma in Civil Engineering at Kasturba DSEU Campus (FOR GIRLS ONLY)"
11,"Diploma in Civil Engineering in Green Infrastructure","Diploma Program",3,"after 10th","General Admission","E",False,NULL,"Ambedkar DSEU Campus",NULL,"Diploma in Civil Engineering in Green Infrastructure at Ambedkar DSEU Campus"
12,"Diploma in Computer Engineering (AI Tools)","Diploma Program",3,"after 10th","General Admission","E",False,NULL,"Ambedkar DSEU Campus",NULL,"Diploma in Computer Engineering (AI Tools) at Ambedkar DSEU Campus"
13,"Diploma in Computer Engineering (AI Tools)","Diploma Program",3,"after 10th","General Admission","E",False,NULL,"DSEU Dheerpur Campus",NULL,"Diploma in Computer Engineering (AI Tools) at DSEU Dheerpur Campus"
14,"Diploma in Computer Engineering (AI Tools)","Diploma Program",3,"after 10th","General Admission","E",False,NULL,"DSEU Jaffarpur Campus",NULL,"Diploma in Computer Engineering (AI Tools) at DSEU Jaffarpur Campus"
15,"Diploma in Computer Engineering (AI Tools)","Diploma Program",3,"after 10th","General Admission","E",False,NULL,"DSEU Narela Campus",NULL,"Diploma in Computer Engineering (AI Tools) at DSEU Narela Campus"
16,"Diploma in Computer Engineering (AI Tools)","Diploma Program",3,"after 10th","General Admission","E",False,NULL,"DSEU Pusa 1 Campus",NULL,"Diploma in Computer Engineering (AI Tools) at DSEU Pusa 1 Campus"
17,"Diploma in Computer Engineering (AI Tools)","Diploma Program",3,"after 10th","General Admission","E",False,NULL,"DSEU Rajokri Campus",NULL,"Diploma in Computer Engineering (AI Tools) at DSEU Rajokri Campus"
18,"Diploma in Computer Engineering (AI Tools)","Diploma Program",3,"after 10th","General Admission","E",False,NULL,"DSEU Ranhola Campus",NULL,"Diploma in Computer Engineering (AI Tools) at DSEU Ranhola Campus"
19,"Diploma in Computer Engineering (AI Tools)","Diploma Program",3,"after 10th","General Admission","E",False,NULL,"Guru Nanak Dev DSEU Campus",NULL,"Diploma in Computer Engineering (AI Tools) at Guru Nanak Dev DSEU Campus"
20,"Diploma in Computer Engineering (AI Tools)","Diploma Program",3,"after 10th","General Admission","E",False,NULL,"Kasturba DSEU Campus (FOR GIRLS ONLY)",NULL,"Diploma in Computer Engineering (AI Tools) at Kasturba DSEU Campus (FOR GIRLS ONLY)"
21,"Diploma in Computer Engineering (AI Tools)","Diploma Program",3,"after 10th","General Admission","E",False,NULL,"Meerabai DSEU Campus (FOR GIRLS ONLY)",NULL,"Diploma in Computer Engineering (AI Tools) at Meerabai DSEU Campus (FOR GIRLS ONLY)"
22,"Diploma in Electrical Engineering","Diploma Program",3,"after 10th","General Admission","E",False,NULL,"Ambedkar DSEU Campus",NULL,"Diploma in Electrical Engineering at Ambedkar DSEU Campus"
23,"Diploma in Electrical Engineering","Diploma Program",3,"after 10th","General Admission","E",False,NULL,"Aryabhatt DSEU Campus",NULL,"Diploma in Electrical Engineering at Aryabhatt DSEU Campus"
24,"Diploma in Electrical Engineering","Diploma Program",3,"after 10th","General Admission","E",False,NULL,"DSEU Pusa 1 Campus",NULL,"Diploma in Electrical Engineering at DSEU Pusa 1 Campus"
25,"Diploma in Electrical Engineering","Diploma Program",3,"after 10th","General Admission","E",False,NULL,"G.B. Pant DSEU Campus",NULL,"Diploma in Electrical Engineering at G.B. Pant DSEU Campus"
26,"Diploma in Electrical Engineering","Diploma Program",3,"after 10th","General Admission","E",False,NULL,"Guru Nanak Dev DSEU Campus",NULL,"Diploma in Electrical Engineering at Guru Nanak Dev DSEU Campus"
27,"Diploma in Electronics Engineering","Diploma Program",3,"after 10th","General Admission","E",False,NULL,"Ambedkar DSEU Campus",NULL,"Diploma in Electronics Engineering at Ambedkar DSEU Campus"
28,"Diploma in Electronics Engineering","Diploma Program",3,"after 10th","General Admission","E",False,NULL,"DSEU Pusa 1 Campus",NULL,"Diploma in Electronics Engineering at DSEU Pusa 1 Campus"
29,"Diploma in Electronics Engineering","Diploma Program",3,"after 10th","General Admission","E",False,NULL,"Guru Nanak Dev DSEU Campus",NULL,"Diploma in Electronics Engineering at Guru Nanak Dev DSEU Campus"
30,"Diploma in Electronics Engineering","Diploma Program",3,"after 10th","General Admission","E",False,NULL,"Kasturba DSEU Campus (FOR GIRLS ONLY)",NULL,"Diploma in Electronics Engineering at Kasturba DSEU Campus (FOR GIRLS ONLY)"
31,"Diploma in Electronics Engineering","Diploma Program",3,"after 10th","General Admission","E",False,NULL,"Meerabai DSEU Campus (FOR GIRLS ONLY)",NULL,"Diploma in Electronics Engineering at Meerabai DSEU Campus (FOR GIRLS ONLY)"
32,"Diploma in Mechanical Engineering","Diploma Program",3,"after 10th","General Admission","E",False,NULL,"Aryabhatt DSEU Campus",NULL,"Diploma in Mechanical Engineering at Aryabhatt DSEU Campus"
33,"Diploma in Mechanical Engineering","Diploma Program",3,"after 10th","General Admission","E",False,NULL,"DSEU Okhla Campus",NULL,"Diploma in Mechanical Engineering at DSEU Okhla Campus"
34,"Diploma in Mechanical Engineering","Diploma Program",3,"after 10th","General Admission","E",False,NULL,"DSEU Pusa 1 Campus",NULL,"Diploma in Mechanical Engineering at DSEU Pusa 1 Campus"
35,"Diploma in Mechanical Engineering","Diploma Program",3,"after 10th","General Admission","E",False,NULL,"DSEU Wazirpur Campus",NULL,"Diploma in Mechanical Engineering at DSEU Wazirpur Campus"
36,"Diploma in Mechanical Engineering","Diploma Program",3,"after 10th","General Admission","E",False,NULL,"G.B. Pant DSEU Campus",NULL,"Diploma in Mechanical Engineering at G.B. Pant DSEU Campus"
37,"Diploma in Mechanical Engineering","Diploma Program",3,"after 10th","General Admission","E",False,NULL,"Guru Nanak Dev DSEU Campus",NULL,"Diploma in Mechanical Engineering at Guru Nanak Dev DSEU Campus"
38,"Diploma in Mobile Manufacturing","Diploma Program",3,"after 10th","General Admission","E",False,NULL,"DSEU Ranhola Campus",NULL,"Diploma in Mobile Manufacturing at DSEU Ranhola Campus"
39,"Diploma in Mobile Manufacturing","Diploma Program",3,"after 10th","General Admission","E",False,NULL,"G.B. Pant DSEU Campus",NULL,"Diploma in Mobile Manufacturing at G.B. Pant DSEU Campus"
40,"Diploma in Petrochemical Engineering","Diploma Program",3,"after 10th","General Admission","E",False,NULL,"Guru Nanak Dev DSEU Campus",NULL,"Diploma in Petrochemical Engineering at Guru Nanak Dev DSEU Campus"
41,"Diploma in Plastic Technology","Diploma Program",3,"after 10th","General Admission","E",False,NULL,"Guru Nanak Dev DSEU Campus",NULL,"Diploma in Plastic Technology at Guru Nanak Dev DSEU Campus"
42,"Diploma in Polymer Technology","Diploma Program",3,"after 10th","General Admission","E",False,NULL,"Guru Nanak Dev DSEU Campus",NULL,"Diploma in Polymer Technology at Guru Nanak Dev DSEU Campus"
43,"Diploma in Precision Engineering","Diploma Program",3,"after 10th","General Admission","E",False,NULL,"DSEU Wazirpur Campus",NULL,"Diploma in Precision Engineering at DSEU Wazirpur Campus"
44,"Diploma in Printing Technology","Diploma Program",3,"after 10th","General Admission","E",False,NULL,"DSEU Pusa 1 Campus",NULL,"Diploma in Printing Technology at DSEU Pusa 1 Campus"
45,"Diploma in Production Engineering (Advance Manufacturing)","Diploma Program",3,"after 10th","General Admission","E",False,NULL,"DSEU Okhla Campus",NULL,"Diploma in Production Engineering (Advance Manufacturing) at DSEU Okhla Campus"
46,"Diploma in Robotics and Automation","Diploma Program",3,"after 10th","General Admission","E",False,NULL,"DSEU Okhla Campus",NULL,"Diploma in Robotics and Automation at DSEU Okhla Campus"
47,"Diploma in Semi Conductor Chip Manufacturing","Diploma Program",3,"after 10th","General Admission","E",False,NULL,"DSEU Dwarka Campus",NULL,"Diploma in Semi Conductor Chip Manufacturing at DSEU Dwarka Campus"
48,"Diploma in Welding Technology","Diploma Program",3,"after 10th","General Admission","E",False,NULL,"DSEU Wazirpur Campus",NULL,"Diploma in Welding Technology at DSEU Wazirpur Campus"
49,"Diploma in Wireless & Mobile Communication","Diploma Program",3,"after 10th","General Admission","E",False,NULL,"Meerabai DSEU Campus (FOR GIRLS ONLY)",NULL,"Diploma in Wireless & Mobile Communication at Meerabai DSEU Campus (FOR GIRLS ONLY)"
50,"Four Year UG Diploma in Tool and Die Making","Diploma Program",3,"after 10th","General Admission","E",False,NULL,"DSEU Wazirpur Campus",NULL,"Four Year UG Diploma in Tool and Die Making at DSEU Wazirpur Campus"
51,"UG Certificate AI in Office Operations","UG Certificate Programs",1,"after 12th","General Admission","D",False,NULL,"Bhai Parmanand DSEU Campus",NULL,"UG Certificate AI in Office Operations at Bhai Parmanand DSEU Campus"
52,"UG Certificate in Conservation of paper","UG Certificate Programs",1,"after 12th","General Admission","D",False,NULL,"DSEU Pusa II Campus",NULL,"UG Certificate in Conservation of paper at DSEU Pusa II Campus"
53,"UG Certificate in Conservation of Textiles","UG Certificate Programs",1,"after 12th","General Admission","D",False,NULL,"DSEU Pusa II Campus",NULL,"UG Certificate in Conservation of Textiles at DSEU Pusa II Campus"
54,"UG Certificate Course in Digital Marketing and Web development","UG Certificate Programs",1,"after 12th","General Admission","E",False,NULL,"DSEU Vivek Vihar Campus",NULL,"UG Certificate Course in Digital Marketing and Web development at DSEU Vivek Vihar Campus"
55,"UG Certificate Course in Food Production","UG Certificate Programs",1,"after 12th","General Admission","D",False,NULL,"DSEU Jhandewalan Campus",NULL,"UG Certificate Course in Food Production at DSEU Jhandewalan Campus"
56,"UG Certificate Course in Food Production","UG Certificate Programs",1,"after 12th","General Admission","D",False,NULL,"DSEU Wazirpur Campus",NULL,"UG Certificate Course in Food Production at DSEU Wazirpur Campus"
57,"UG Certificate Course on Installation, Testing, Maintenance and Repair of Solar Panels","UG Certificate Programs",1,"after 12th","General Admission","D",False,NULL,"DSEU Dwarka Campus",NULL,"UG Certificate Course on Installation, Testing, Maintenance and Repair of Solar Panels at DSEU Dwarka Campus"
58,"UG Certificate Course in Refrigeration and Air Conditioning Skills (HVAC)","UG Certificate Programs",1,"after 12th","General Admission","D",False,NULL,"Aryabhatt DSEU Campus",NULL,"UG Certificate Course in Refrigeration and Air Conditioning Skills (HVAC) at Aryabhatt DSEU Campus"
59,"UG Certificate Course in Refrigeration and Air Conditioning Skills (HVAC)","UG Certificate Programs",1,"after 12th","General Admission","D",False,NULL,"GB Pant DSEU Campus",NULL,"UG Certificate Course in Refrigeration and Air Conditioning Skills (HVAC) at GB Pant DSEU Campus"
60,"B.S. Retail Management","UG Certificate Programs",1,"after 12th","General Admission","D",False,NULL,"DSEU Pusa II Campus",NULL,"B.S. Retail Management at DSEU Pusa II Campus"
61,"UG Certigficate in Retail Management","UG Certificate Programs",1,"after 12th","General Admission","D",False,NULL,"DSEU Pusa II Campus",NULL,"UG Certigficate in Retail Management at DSEU Pusa II Campus"
62,"UG Certificate Course in Welding Technology","UG Certificate Programs",1,"after 12th","General Admission","E",False,NULL,"DSEU Wazirpur Campus",NULL,"UG Certificate Course in Welding Technology at DSEU Wazirpur Campus"
63,"UG Diploma in Beauty and Wellness","UG Diploma Programs",2," after 12th","General Admission","D",False,NULL,"DSEU Siri Fort Campus",NULL,"UG Diploma in Beauty and Wellness at DSEU Siri Fort Campus"
64,"UG Diploma in Electronics System Design & Manufacturing","UG Diploma Programs",2," after 12th","General Admission","D",False,NULL,"Ambedkar DSEU Campus",NULL,"UG Diploma in Electronics System Design & Manufacturing at Ambedkar DSEU Campus"
65,"UG Diploma in Hotel Management","UG Diploma Programs",2," after 12th","General Admission","D",False,NULL,"DSEU Dwarka Campus",NULL,"UG Diploma in Hotel Management at DSEU Dwarka Campus"
66,"UG Diploma in Hotel Management","UG Diploma Programs",2," after 12th","General Admission","D",False,NULL,"DSEU Wazirpur Campus",NULL,"UG Diploma in Hotel Management at DSEU Wazirpur Campus"
67,"Diploma in Pharmacy","UG Diploma Programs",2," after 12th","General Admission","D",False,NULL,"DSEU Dwarka Campus",NULL,"Diploma in Pharmacy at DSEU Dwarka Campus"
68,"Diploma in Pharmacy","UG Diploma Programs",2," after 12th","General Admission","D",False,NULL,"Meerabai DSEU Campus",NULL,"Diploma in Pharmacy at Meerabai DSEU Campus"
69,"BBA (Banking, Financial Services and Insurance)","Bachelor Degree Programs",3,"after 12th","General Admission","C",False,NULL,"Bhai Parmanand DSEU Campus",NULL,"BBA (Banking, Financial Services and Insurance) at Bhai Parmanand DSEU Campus"
70,"BBA (Banking, Financial Services and Insurance)","Bachelor Degree Programs",3,"after 12th","General Admission","C",False,NULL,"DSEU Dwarka Campus",NULL,"BBA (Banking, Financial Services and Insurance) at DSEU Dwarka Campus"
71,"BBA Office Management (AI driven)","Bachelor Degree Programs",3,"after 12th","General Admission","D",False,NULL,"Bhai Parmanand DSEU Campus",NULL,"BBA Office Management (AI driven) at Bhai Parmanand DSEU Campus"
72,"BBA Office Management (AI driven)","Bachelor Degree Programs",3,"after 12th","General Admission","D",False,NULL,"DSEU Dheerpur Campus",NULL,"BBA Office Management (AI driven) at DSEU Dheerpur Campus"
73,"BBA Office Management (AI driven)","Bachelor Degree Programs",3,"after 12th","General Admission","D",False,NULL,"DSEU Jaffarpur Campus",NULL,"BBA Office Management (AI driven) at DSEU Jaffarpur Campus"
74,"BBA Office Management (AI driven)","Bachelor Degree Programs",3,"after 12th","General Admission","D",False,NULL,"DSEU Narela Campus",NULL,"BBA Office Management (AI driven) at DSEU Narela Campus"
75,"BBA Office Management (AI driven)","Bachelor Degree Programs",3,"after 12th","General Admission","D",False,NULL,"DSEU Ranhola Campus",NULL,"BBA Office Management (AI driven) at DSEU Ranhola Campus"
76,"BBA Office Management (AI driven)","Bachelor Degree Programs",3,"after 12th","General Admission","D",False,NULL,"Meerabai DSEU Campus",NULL,"BBA Office Management (AI driven) at Meerabai DSEU Campus"
77,"Bachelor of Computer Applications","Bachelor Degree Programs",3,"after 12th","General Admission","C",False,NULL,"DSEU Dheerpur Campus",NULL,"Bachelor of Computer Applications at DSEU Dheerpur Campus"
78,"Bachelor of Computer Applications","Bachelor Degree Programs",3,"after 12th","General Admission","C",False,NULL,"DSEU Jaffarpur Campus",NULL,"Bachelor of Computer Applications at DSEU Jaffarpur Campus"
79,"Bachelor of Computer Applications","Bachelor Degree Programs",3,"after 12th","General Admission","C",False,NULL,"DSEU Narela Campus",NULL,"Bachelor of Computer Applications at DSEU Narela Campus"
80,"Bachelor of Computer Applications","Bachelor Degree Programs",3,"after 12th","General Admission","C",False,NULL,"DSEU Ranhola Campus",NULL,"Bachelor of Computer Applications at DSEU Ranhola Campus"
81,"B.Sc. Life Sciences","Bachelor Degree Programs",3,"after 12th","General Admission","D",False,NULL,"DSEU Dheerpur Campus",NULL,"B.Sc. Life Sciences at DSEU Dheerpur Campus"
82,"B.Sc. Life Sciences","Bachelor Degree Programs",3,"after 12th","General Admission","D",False,NULL,"DSEU Dwarka Campus",NULL,"B.Sc. Life Sciences at DSEU Dwarka Campus"
83,"B.Sc. Physical Sciences","Bachelor Degree Programs",3,"after 12th","General Admission","D",False,NULL,"Guru Nanak Dev DSEU Campus",NULL,"B.Sc. Physical Sciences at Guru Nanak Dev DSEU Campus"
84,"B.A. (Hons) Spanish","Bachelor Degree Programs",4,"after 12th","General Admission","D",True,NULL,"DSEU Siri Fort Campus",NULL,"B.A. (Hons) Spanish at DSEU Siri Fort Campus"
121,"B.Des. Jewellery Design","Bachelor Degree Programs",4,"after 12th","General Admission","F",True,NULL,"DSEU Jhandewalan Campus",NULL,"B.Des. Jewellery Design at DSEU Jhandewalan Campus"
122,"B.F.A. (Hons.)/Bachelor in Fine Arts(Hons.)","Bachelor Degree Programs",4,"after 12th","General Admission","D",True,NULL,"Meerabai DSEU Campus",NULL,"B.F.A. (Hons.)/Bachelor in Fine Arts(Hons.) at Meerabai DSEU Campus"
123,"B.S. Beauty Therapy","Bachelor Degree Programs",4,"after 12th","General Admission","D",True,NULL,"DSEU Dheerpur Campus",NULL,"B.S. Beauty Therapy at DSEU Dheerpur Campus"
124,"B.S. Beauty Therapy","Bachelor Degree Programs",4,"after 12th","General Admission","D",True,NULL,"DSEU Siri Fort Campus",NULL,"B.S. Beauty Therapy at DSEU Siri Fort Campus"
125,"B.S. Beauty Therapy","Bachelor Degree Programs",4,"after 12th","General Admission","D",True,NULL,"Kasturba DSEU Campus",NULL,"B.S. Beauty Therapy at Kasturba DSEU Campus"
126,"B.S. Beauty Therapy","Bachelor Degree Programs",4,"after 12th","General Admission","D",True,NULL,"Meerabai DSEU Campus",NULL,"B.S. Beauty Therapy at Meerabai DSEU Campus"
127,"B.S. Banking, Financial Services and Insurance","Bachelor Degree Programs",4,"after 12th","General Admission","C",True,NULL,"Bhai Parmanand DSEU Campus",NULL,"B.S. Banking, Financial Services and Insurance at Bhai Parmanand DSEU Campus"
128,"B.S. Banking, Financial Services and Insurance","Bachelor Degree Programs",4,"after 12th","General Admission","C",True,NULL,"DSEU Dheerpur Campus",NULL,"B.S. Banking, Financial Services and Insurance at DSEU Dheerpur Campus"
129,"B.S. Banking, Financial Services and Insurance","Bachelor Degree Programs",4,"after 12th","General Admission","C",True,NULL,"DSEU Dwarka Campus",NULL,"B.S. Banking, Financial Services and Insurance at DSEU Dwarka Campus"
130,"B.S. Banking, Financial Services and Insurance","Bachelor Degree Programs",4,"after 12th","General Admission","C",True,NULL,"DSEU Vivek Vihar Campus",NULL,"B.S. Banking, Financial Services and Insurance at DSEU Vivek Vihar Campus"
131,"B.S. Business Process Management","Bachelor Degree Programs",4,"after 12th","General Admission","D",True,NULL,"DSEU Vivek Vihar Campus",NULL,"B.S. Business Process Management at DSEU Vivek Vihar Campus"
132,"B.S. Computer Applications","Bachelor Degree Programs",4,"after 12th","General Admission","C",True,NULL,"Bhai Parmanand DSEU Campus",NULL,"B.S. Computer Applications at Bhai Parmanand DSEU Campus"
133,"B.S. Computer Applications","Bachelor Degree Programs",4,"after 12th","General Admission","C",True,NULL,"DSEU Dwarka Campus",NULL,"B.S. Computer Applications at DSEU Dwarka Campus"
134,"B.S. Computer Applications","Bachelor Degree Programs",4,"after 12th","General Admission","C",True,NULL,"DSEU Rajokri Campus",NULL,"B.S. Computer Applications at DSEU Rajokri Campus"
135,"B.S. Computer Applications","Bachelor Degree Programs",4,"after 12th","General Admission","C",True,NULL,"Guru Nanak Dev DSEU Campus",NULL,"B.S. Computer Applications at Guru Nanak Dev DSEU Campus"
136,"B.S. Digital Media Design","Bachelor Degree Programs",4,"after 12th","General Admission","C",True,NULL,"DSEU Mayur Vihar Campus",NULL,"B.S. Digital Media Design at DSEU Mayur Vihar Campus"
137,"B.S. Digital Marketing and Data Analytics","Bachelor Degree Programs",4,"after 12th","General Admission","C",True,NULL,"DSEU Dwarka Campus",NULL,"B.S. Digital Marketing and Data Analytics at DSEU Dwarka Campus"
138,"B.S. E-Commerce Operations and Digital Application","Bachelor Degree Programs",4,"after 12th","General Admission","D",True,NULL,"DSEU Pusa II Campus",NULL,"B.S. E-Commerce Operations and Digital Application at DSEU Pusa II Campus"
139,"B.S. Environmental Science","Bachelor Degree Programs",4,"after 12th","General Admission","D",True,NULL,"DSEU Champs Campus",NULL,"B.S. Environmental Science at DSEU Champs Campus"
140,"B.S. Environmental Science","Bachelor Degree Programs",4,"after 12th","General Admission","D",True,NULL,"DSEU Dheerpur Campus",NULL,"B.S. Environmental Science at DSEU Dheerpur Campus"
141,"B.S. Environmental Science","Bachelor Degree Programs",4,"after 12th","General Admission","D",True,NULL,"DSEU Dwarka Campus",NULL,"B.S. Environmental Science at DSEU Dwarka Campus"
142,"B.S. Environmental Science","Bachelor Degree Programs",4,"after 12th","General Admission","D",True,NULL,"Kasturba DSEU Campus",NULL,"B.S. Environmental Science at Kasturba DSEU Campus"
143,"B.S. Entrepreneurship","Bachelor Degree Programs",4,"after 12th","General Admission","C",True,NULL,"DSEU Dwarka Campus",NULL,"B.S. Entrepreneurship at DSEU Dwarka Campus"
144,"B.S. Environmental Science","Bachelor Degree Programs",4,"after 12th","General Admission","D",True,NULL,"DSEU Champs Campus",NULL,"B.S. Environmental Science at DSEU Champs Campus"
145,"B.S. Environmental Science","Bachelor Degree Programs",4,"after 12th","General Admission","D",True,NULL,"DSEU Dheerpur Campus",NULL,"B.S. Environmental Science at DSEU Dheerpur Campus"
146,"B.S. Environmental Science","Bachelor Degree Programs",4,"after 12th","General Admission","D",True,NULL,"DSEU Dwarka Campus",NULL,"B.S. Environmental Science at DSEU Dwarka Campus"
147,"B.S. Environmental Science","Bachelor Degree Programs",4,"after 12th","General Admission","D",True,NULL,"Kasturba DSEU Campus",NULL,"B.S. Environmental Science at Kasturba DSEU Campus"
148,"B.S. Entrepreneurship","Bachelor Degree Programs",4,"after 12th","General Admission","C",True,NULL,"DSEU Dwarka Campus",NULL,"B.S. Entrepreneurship at DSEU Dwarka Campus"
149,"B.S. Fashion Design","Bachelor Degree Programs",4,"after 12th","General Admission","D",True,NULL,"Aryabhatt DSEU Campus",NULL,"B.S. Fashion Design at Aryabhatt DSEU Campus"
150,"B.S. Fashion Design","Bachelor Degree Programs",4,"after 12th","General Admission","D",True,NULL,"Kasturba DSEU Campus",NULL,"B.S. Fashion Design at Kasturba DSEU Campus"
151,"B.S. Facility and Infrastructure Management","Bachelor Degree Programs",4,"after 12th","General Admission","C",True,NULL,"DSEU Dwarka Campus",NULL,"B.S. Facility and Infrastructure Management at DSEU Dwarka Campus"
152,"B.S. Hospital Management","Bachelor Degree Programs",4,"after 12th","General Admission","D",True,NULL,"DSEU Dheerpur Campus",NULL,"B.S. Hospital Management at DSEU Dheerpur Campus"
153,"B.S. Hospitality & Hotel Management","Bachelor Degree Programs",4,"after 12th","General Admission","C",True,NULL,"DSEU Pusa II Campus",NULL,"B.S. Hospitality & Hotel Management at DSEU Pusa II Campus"
154,"B.S. Hospitality & Hotel Management","Bachelor Degree Programs",4,"after 12th","General Admission","C",True,NULL,"DSEU Vivek Vihar Campus",NULL,"B.S. Hospitality & Hotel Management at DSEU Vivek Vihar Campus"
155,"B.S. Interior Design","Bachelor Degree Programs",4,"after 12th","General Admission","D",True,NULL,"Aryabhatt DSEU Campus",NULL,"B.S. Interior Design at Aryabhatt DSEU Campus"
158,"B.Sc. (Hons.) Psychology","Bachelor Degree Programs",4,"after 12th","General Admission","C",True,NULL,"DSEU Dwarka Campus",NULL,"B.Sc. (Hons.) Psychology at DSEU Dwarka Campus"
159,"B.S. Supply Chain Management","Bachelor Degree Programs",4,"after 12th","General Admission","D",True,NULL,"DSEU Pusa II Campus",NULL,"B.S. Supply Chain Management at DSEU Pusa II Campus"
160,"B.S. Retail Management","Bachelor Degree Programs",4,"after 12th","General Admission","D",True,NULL,"DSEU Pusa II Campus",NULL,"B.S. Retail Management at DSEU Pusa II Campus"
161,"B.S. Medical Laboratory Sciences","Bachelor Degree Programs",4,"after 12th","General Admission","C",True,NULL,"Meerabai DSEU Campus",NULL,"B.S. Medical Laboratory Sciences at Meerabai DSEU Campus"
162,"B.S. Medical Laboratory Sciences","Bachelor Degree Programs",4,"after 12th","General Admission","C",True,NULL,"DSEU Dwarka Campus",NULL,"B.S. Medical Laboratory Sciences at DSEU Dwarka Campus"
163,"B.S. Medical Laboratory Sciences","Bachelor Degree Programs",4,"after 12th","General Admission","C",True,NULL,"DSEU Champs Campus",NULL,"B.S. Medical Laboratory Sciences at DSEU Champs Campus"
164,"B.S. Interior Design","Bachelor Degree Programs",4,"after 12th","General Admission","D",True,NULL,"Meerabai DSEU Campus",NULL,"B.S. Interior Design at Meerabai DSEU Campus"
165,"B.Tech. in Electronics & Communication Engineering","B.Tech. Programs",4,"after 12th","JEE Mains","A",False,NULL,"Ambedkar DSEU Campus",NULL,"B.Tech. in Electronics & Communication Engineering at Ambedkar DSEU Campus"
166,"B.Tech. in Electronics & Communication Engineering","B.Tech. Programs",4,"after 12th","JEE Mains","A",False,NULL,"G.B. Pant DSEU Campus",NULL,"B.Tech. in Electronics & Communication Engineering at G.B. Pant DSEU Campus"
167,"B.Tech. in Artificial Intelligence
","B.Tech. Programs",4,"after 12th","JEE Mains","A",False,NULL,"Bhai Parmanand DSEU Campus",NULL,"B.Tech. in Artificial Intelligence at Bhai Parmanand DSEU Campus"
168,"B.Tech. in Artificial Intelligence
","B.Tech. Programs",4,"after 12th","JEE Mains","A",False,NULL,"DSEU Ranhola Campus",NULL,"B.Tech. in Artificial Intelligence at DSEU Ranhola Campus"
169,"B.Tech. in Computer Science Engineering","B.Tech. Programs",4,"after 12th","JEE Mains","A",False,NULL,"DSEU Pusa 1 Campus",NULL,"B.Tech. in Computer Science Engineering at DSEU Pusa 1 Campus"
170,"B.Tech. in Computer Science Engineering","B.Tech. Programs",4,"after 12th","JEE Mains","A",False,NULL,"G.B. Pant DSEU Campus",NULL,"B.Tech. in Computer Science Engineering at G.B. Pant DSEU Campus"
171,"B.Tech. in Computer Science Engineering","B.Tech. Programs",4,"after 12th","JEE Mains","A",False,NULL,"Guru Nanak Dev DSEU Campus",NULL,"B.Tech. in Computer Science Engineering at Guru Nanak Dev DSEU Campus"
172,"B.Tech. in Data Science","B.Tech. Programs",4,"after 12th","JEE Mains","A",False,NULL,"Bhai Parmanand DSEU Campus",NULL,"B.Tech. in Data Science at Bhai Parmanand DSEU Campus"
173,"B.Tech. in Data Science","B.Tech. Programs",4,"after 12th","JEE Mains","A",False,NULL,"DSEU Okhla Campus",NULL,"B.Tech. in Data Science at DSEU Okhla Campus"
174,"B.Tech. Electrical Engineering
","B.Tech. Programs",4,"after 12th","JEE Mains","A",False,NULL,"DSEU Pusa 1 Campus",NULL,"B.Tech. Electrical Engineering at DSEU Pusa 1 Campus"
175,"B.Tech. in Mechanical Engineering","B.Tech. Programs",4,"after 12th","JEE Mains","A",False,NULL,"Aryabhatt DSEU Campus",NULL,"B.Tech. in Mechanical Engineering at Aryabhatt DSEU Campus"
176,"B.Tech. in Mechanical Engineering","B.Tech. Programs",4,"after 12th","JEE Mains","A",False,NULL,"G.B. Pant DSEU Campus",NULL,"B.Tech. in Mechanical Engineering at G.B. Pant DSEU Campus"
177,"B.Tech. in Network Engineering and Security","B.Tech. Programs",4,"after 12th","JEE Mains","A",False,NULL,"DSEU Dwarka Campus",NULL,"B.Tech. in Network Engineering and Security at DSEU Dwarka Campus"
178,"B.Tech. Production Engineering with Specialization in Advanced Manufacturing","B.Tech. Programs",4,"after 12th","JEE Mains","A",False,NULL,"DSEU Okhla Campus",NULL,"B.Tech. Production Engineering with Specialization in Advanced Manufacturing at DSEU Okhla Campus"
179,"B.Tech. in Robotics and Artificial Intelligence
","B.Tech. Programs",4,"after 12th","JEE Mains","A",False,NULL,"DSEU Okhla Campus",NULL,"B.Tech. in Robotics and Artificial Intelligence at DSEU Okhla Campus"
180,"Master of Computer Applications
","Master Degree Programs",2,"after 3 Year Bachelor Degree","General Admission","B",False,NULL,"Bhai Parmanand DSEU Campus",NULL,"Master of Computer Applications at Bhai Parmanand DSEU Campus"
181,"Master of Computer Applications ","Master Degree Programs",2,"after 3 Year Bachelor Degree","General Admission","B",False,NULL,"DSEU Dwarka Campus",NULL,"Master of Computer Applications at DSEU Dwarka Campus"
182,"MBA Data Science","Master Degree Programs",2,"after 3 Year Bachelor Degree","General Admission","B",False,NULL,"Bhai Parmanand DSEU Campus",NULL,"MBA Data Science at Bhai Parmanand DSEU Campus"
183,"MS Applied Sustainability","Master Degree Programs",2,"after 3 Year Bachelor Degree","General Admission","B",False,NULL,"Bhai Parmanand DSEU Campus",NULL,"MS Sustainability Sciences at Bhai Parmanand DSEU Campus"
184,"MS Nano Materials and Nano Technologies","Master Degree Programs",2,"after 3 Year Bachelor Degree","General Admission","B",False,NULL,"Bhai Parmanand DSEU Campus",NULL,"MS Nano Materials and Nano Technologies at Bhai Parmanand DSEU Campus"
185,"MS Program in Quantum Computing and Technologies","Master Degree Programs",2,"after 3 Year Bachelor Degree","General Admission","B",False,NULL,"Bhai Parmanand DSEU Campus",NULL,"MS Program in Quantum Computing and Technologies at Bhai Parmanand DSEU Campus"
186,"MBA Entrepreneurship","Master Degree Programs",2,"after 3 Year Bachelor Degree","General Admission","B",False,NULL,"DSEU Champs Campus",NULL,"MBA Entrepreneurship at DSEU Champs Campus"
187,"MBA Entrepreneurship","Master Degree Programs",2,"after 3 Year Bachelor Degree","General Admission","B",False,NULL,"DSEU Pusa II Campus",NULL,"MBA Entrepreneurship at DSEU Pusa II Campus"
188,"MS Environmental Science","Master Degree Programs",2,"after 3 Year Bachelor Degree","General Admission","B",False,NULL,"DSEU Champs Campus",NULL,"M.Sc. Environmental Science at DSEU Champs Campus"
189,"M.Sc. (Medical Laboratory Sciences)","Master Degree Programs",2,"after 3 Year Bachelor Degree","General Admission","B",False,NULL,"DSEU Dwarka Campus",NULL,"M.Sc. (Medical Laboratory Sciences) at DSEU Dwarka Campus"
191,"MBA Finance","Master Degree Programs",2,"after 3 Year Bachelor Degree","General Admission","B",False,NULL,"DSEU Dwarka Campus",NULL,"MBA Finance at DSEU Dwarka Campus"
193,"MBA International Business Management","Master Degree Programs",2,"after 3 Year Bachelor Degree","General Admission","B",False,NULL,"DSEU Pusa II Campus",NULL,"MBA International Business Management at DSEU Pusa II Campus"
194,"PG Diploma in AI and Intelligent Systems","PG Diploma Programs",1,"after 3 Year Bachelor Degree","General Admission","C",False,NULL,"Bhai Parmanand DSEU Campus",NULL,"PG Diploma in AI and Intelligent Systems at Bhai Parmanand DSEU Campus"
195,"PG Diploma in Data Analysis and Public Policy","PG Diploma Programs",1,"after 3 Year Bachelor Degree","General Admission","C",False,NULL,"Bhai Parmanand DSEU Campus",NULL,"PG Diploma in Data Analysis and Public Policy at Bhai Parmanand DSEU Campus"
196,"PG Diploma in Event Management","PG Diploma Programs",1,"after 3 Year Bachelor Degree","General Admission","C",False,NULL,"DSEU Dwarka Campus",NULL,"PG Diploma in Event Management at DSEU Dwarka Campus"
197,"PG Diploma in Event Management","PG Diploma Programs",1,"after 3 Year Bachelor Degree","General Admission","C",False,NULL,"DSEU Pusa II Campus",NULL,"PG Diploma in Event Management at DSEU Pusa II Campus"
198,"PG Diploma in Retail Marketing","PG Diploma Programs",1,"after 3 Year Bachelor Degree","General Admission","C",False,NULL,"DSEU Vivek Vihar Campus",NULL,"PG Diploma in Retail Marketing at DSEU Vivek Vihar Campus"
199,"PG Diploma in Semiconductor Chip Design & Fabrication","PG Diploma Programs",1,"after 3 Year Bachelor Degree","General Admission","C",False,NULL,"DSEU Dwarka Campus",NULL,"PG Diploma in Semiconductor Chip Design & Fabrication at DSEU Dwarka Campus"
200,"PG Diploma in Smart Office Management","PG Diploma Programs",1,"after 3 Year Bachelor Degree","General Admission","C",False,NULL,"DSEU Jaffarpur Campus",NULL,"PG Diploma in Smart Office Management at DSEU Jaffarpur Campus"
201,"PG Diploma in Smart Office Management","PG Diploma Programs",1,"after 3 Year Bachelor Degree","General Admission","C",False,NULL,"Meerabai DSEU Campus",NULL,"PG Diploma in Smart Office Management at Meerabai DSEU Campus"
202,"PG Diploma in Smart Office Management","PG Diploma Programs",1,"after 3 Year Bachelor Degree","General Admission","C",False,NULL,"DSEU Ranhola Campus",NULL,"PG Diploma in Smart Office Management at DSEU Ranhola Campus"
